id,kepka_shoots_id,directus_files_id
77de47cb-b29a-49ce-a632-1f9b26d20242,fc136715-8acb-4932-af48-118c68872d21,27d27594-79b8-498e-bd79-b75c9d5d4b26
62cf902d-505f-442c-b3a3-c0747d54f55c,fc136715-8acb-4932-af48-118c68872d21,12fc6811-057e-4126-9cf2-f54274f31dbc
df69d407-8658-4174-9804-344a58426a19,fc136715-8acb-4932-af48-118c68872d21,6dec8407-82e3-4ff7-906b-b90883d15007
c45058af-1dcd-4622-892f-3c357718cc80,fc136715-8acb-4932-af48-118c68872d21,24046b3e-6c74-48d5-a47e-857af8602620
abfef6a8-d6ec-4d96-9890-0a13ea6bad5d,fc136715-8acb-4932-af48-118c68872d21,256b4f19-6e6a-473d-87f5-b078a409ded4
13e32f36-3334-429f-a471-1fa3df795247,fc136715-8acb-4932-af48-118c68872d21,d10f2b28-17d0-4e90-86da-d37093219792
391909c8-b676-48e4-aa45-8ca8caf71758,fc136715-8acb-4932-af48-118c68872d21,abd59c19-6ddb-4e56-8f0e-ee29b57df673
a7890b12-5534-4fa5-8e55-4512227f1cd3,fc136715-8acb-4932-af48-118c68872d21,97e62ece-2096-49c2-bccd-325be51f87df
d045c9dc-b966-4b83-9022-61c23084fce2,fc136715-8acb-4932-af48-118c68872d21,f0328868-6a59-4ece-812c-541db75980d1
f044adfd-c836-48d3-8b12-a47d7b73437c,fc136715-8acb-4932-af48-118c68872d21,3b79e8e3-bbb7-43ea-a6fe-b3942a6f74cb
a852d5f3-64b6-47dc-81b6-36941f64ba9f,fc136715-8acb-4932-af48-118c68872d21,9956f4b5-1cb8-4421-87bb-e956838d5700
0c11081f-cbb3-44c2-89d4-b584bae42488,fc136715-8acb-4932-af48-118c68872d21,482d885b-7e85-4c66-9f0e-ceb99e5b40b6
d74bdde5-1f83-4b58-84c7-2cb6bd96f8fb,fc136715-8acb-4932-af48-118c68872d21,cc950350-b84e-4b9d-b8cd-07525122e2ea
a80a37b0-9f9a-48c0-82e6-e885607a1ba8,fc136715-8acb-4932-af48-118c68872d21,558390c2-9690-4985-9423-ce8c2992815c
ae45405c-5d36-4423-bf26-c84124bccf0b,fc136715-8acb-4932-af48-118c68872d21,947877fe-21c8-4b69-bfe6-4085da6e62b0
228b21d2-4262-4ef4-96ce-e6d9b2ee073f,fc136715-8acb-4932-af48-118c68872d21,34cc9229-04d0-48eb-acf3-de4b85884e6b
c3197442-2782-452c-aea8-526a735e37f3,fc136715-8acb-4932-af48-118c68872d21,041968f9-b1b2-4438-9672-e38730f25a87
c53cdbf5-f49e-44aa-8324-d28fa383b17c,fc136715-8acb-4932-af48-118c68872d21,3c6101cf-a4f6-43b4-9bd2-c90b64e5598a
404fc743-6bf2-4a57-94c3-e593bd36a29a,fc136715-8acb-4932-af48-118c68872d21,86af577a-2418-4385-80a7-884a03a83105
4faedc1e-55ad-4b47-b376-bf123748c9e0,fc136715-8acb-4932-af48-118c68872d21,0d4b7850-41f6-4ff4-b637-cfb64e5896f1
77333df1-62d3-4397-9d4d-a376a190b42c,fc136715-8acb-4932-af48-118c68872d21,afe44046-c8de-4c3d-982c-5faa823326fd
6ebf03b9-4b75-4822-bf29-aaa6708d8e3b,86ceea9c-1afc-47b6-aa0f-1e0856f682d1,bee7ad5d-d917-4258-a370-79a3760663bc
01403377-63af-4cfb-b42e-6efb6aca10ba,86ceea9c-1afc-47b6-aa0f-1e0856f682d1,6e24731c-8a93-45b8-90c5-a861d67d7eea
8d0ef576-78a1-4400-ab86-1f4d60b249ba,86ceea9c-1afc-47b6-aa0f-1e0856f682d1,26e4dae2-ead3-416d-89e4-0faefa6bbaba
4ddba17d-8a3a-4f03-a133-c5e2387b3ca2,86ceea9c-1afc-47b6-aa0f-1e0856f682d1,78329cb0-77cb-4063-96c9-32a50285a64b
aad56ed8-8b8d-4a1e-bbaf-5c9190fd482b,86ceea9c-1afc-47b6-aa0f-1e0856f682d1,7ca39aa5-8270-4035-9238-9614435525d8
ce464389-fe4e-4fc4-b386-96c55d842053,99fdea56-037a-4c29-972c-e174d44adae5,e3c44fb2-7474-4334-b15b-d77ee3364a3d
6232c1f5-a6ba-49fb-9a65-8126725b27bd,99fdea56-037a-4c29-972c-e174d44adae5,e0cc608d-5bfb-4e9c-ac03-ebe480a0a2d9
1fc2ecf7-02a7-4689-b151-fe0e71a78238,99fdea56-037a-4c29-972c-e174d44adae5,c978fc5a-68fb-47db-8bca-ce27d14f933f
ccd919ae-b9af-49ed-bdbd-ea3f98b596b9,99fdea56-037a-4c29-972c-e174d44adae5,e5b03ff0-8f1b-4686-af10-4413dac4f30d
47900973-f24c-49bb-b99e-dc8f55b7c662,99fdea56-037a-4c29-972c-e174d44adae5,8e5911c6-9f1f-4d2b-9bd3-cb21a38bccf8
ea109b7d-85d8-4c0b-978c-a23f46cfb0d2,99fdea56-037a-4c29-972c-e174d44adae5,09d1cd7d-5612-46bd-8476-0fa73dbeb753
46f95c39-c4c8-4071-8390-17f57c5caac9,99fdea56-037a-4c29-972c-e174d44adae5,175a1470-c0ea-4405-bcba-af6a11719871
c111e4b0-74a4-4243-944e-355cd7205eaa,99fdea56-037a-4c29-972c-e174d44adae5,8c4dc352-642f-49e0-ad03-46e6971fbc25
23ebaef2-b95a-4804-9fa1-fa29b76230ae,99fdea56-037a-4c29-972c-e174d44adae5,f7faa2f3-6d09-44b1-a525-f1002e914397
283d066e-ac48-43c3-9dd2-e17d6fe5d550,99fdea56-037a-4c29-972c-e174d44adae5,69b1d90b-109b-41d3-9a83-dd436ea4014e
75599dc4-7857-413c-9f8f-ad350b414a62,99fdea56-037a-4c29-972c-e174d44adae5,cac27c30-6ae1-4eac-b2ec-ab0842072a2c
09166ddc-ff54-43bc-9a93-fc52cf68b77a,99fdea56-037a-4c29-972c-e174d44adae5,f32e3298-57fc-453a-b54b-a6754f36dd62
403925cf-d54b-44a0-89aa-465596d03ab4,99fdea56-037a-4c29-972c-e174d44adae5,0c12fae5-d606-41fb-8fe4-9ef053c766cc
34738f5f-1676-4880-9be3-f22d0fe61637,99fdea56-037a-4c29-972c-e174d44adae5,13ffd9e9-70b3-4be1-87c4-c7bec19af713
2a974384-fb6a-4f80-b581-5b95fb5cd032,99fdea56-037a-4c29-972c-e174d44adae5,dda58cb6-4cad-490a-b521-4830cb01cda6
04e44eb5-90ec-4006-aecb-05148242a518,99fdea56-037a-4c29-972c-e174d44adae5,8a77a79e-1a84-4431-b108-24cb9910a62a
5c050f4a-0072-4789-b997-a06cf5a17298,99fdea56-037a-4c29-972c-e174d44adae5,2c511cfb-1519-4905-a471-31de948ab692
b11afafe-117b-494c-994f-e6299f5dcb46,99fdea56-037a-4c29-972c-e174d44adae5,0416e194-5bb7-4a7f-86b1-1001043f264e
1e6e42a8-e104-4541-b027-c96e2bace701,99fdea56-037a-4c29-972c-e174d44adae5,9bc57ec2-a0b2-4d60-a4f9-9286972a5db7
ffb8e1f4-598c-498e-b006-51fa0558476f,99fdea56-037a-4c29-972c-e174d44adae5,f021728e-375f-46c9-a731-f1862806aaec
fa92ebd4-aaad-49db-87cd-2fb6604cde5b,0154e75f-40cd-48da-a2ab-695bd5039812,66c57d2a-c36a-4f57-861b-5618fa24b039
256a0c33-e968-4f27-b9b7-990f3058de26,0154e75f-40cd-48da-a2ab-695bd5039812,5c8d04ad-6166-4157-8cb5-dbebf70566b6
616c1557-e5f0-417f-956d-a1cfc5531922,0154e75f-40cd-48da-a2ab-695bd5039812,318e1005-5fff-46ac-9150-16c6f1f51a09
1b8fbffe-d37c-46b4-b429-b33d85d5f5f3,0154e75f-40cd-48da-a2ab-695bd5039812,3658046d-8476-4348-9c5b-5b3e32810ec9
41563cac-fa09-4d55-a0ac-2a05cfb9ac5a,0154e75f-40cd-48da-a2ab-695bd5039812,9625b5af-200c-497f-ace8-8371fcb48264
542a43a2-990e-4567-b682-c52391a8d753,0154e75f-40cd-48da-a2ab-695bd5039812,0865227d-36d2-44a7-8794-2ab19580372e
fb05ecc2-ebe2-47b3-a322-f6258d68c2fe,0154e75f-40cd-48da-a2ab-695bd5039812,86f80189-6df6-4fb7-a453-a16586af98d8
830289c6-bf00-4a1b-89ed-57d91213c95d,0154e75f-40cd-48da-a2ab-695bd5039812,c8951ef3-e18f-40e2-91bf-8a95bf04d8a7
b9ba3dc0-03a8-4b67-9487-228d6c67a249,0154e75f-40cd-48da-a2ab-695bd5039812,6b882885-500c-4432-a5e2-98e22384d856
1b8dffb2-7a51-4951-94db-30d6afcbb13a,0154e75f-40cd-48da-a2ab-695bd5039812,19829b4e-8a4b-4e45-8de5-14d6710cc1e6
405e691e-da86-4cb2-8289-2a32bd33e0d3,0154e75f-40cd-48da-a2ab-695bd5039812,341de4ae-687d-4147-ae67-99f82f821d05
b29f9434-ceb8-497b-8195-a5be48f7edfd,0154e75f-40cd-48da-a2ab-695bd5039812,4eea99c6-e664-4a6d-9328-e039b71235bb
966fd443-f4dc-41fb-9cea-d2585f759e6f,0154e75f-40cd-48da-a2ab-695bd5039812,092d5030-388f-4452-a813-af477c2a90bf
7a602bc9-653a-49c4-986b-ecebb384f0bd,0154e75f-40cd-48da-a2ab-695bd5039812,151e3f60-aff2-41b3-b310-9083b311a2a2
e4fd5e43-83ab-4099-b41d-ffcfaf0be625,0154e75f-40cd-48da-a2ab-695bd5039812,52643182-cd51-4dec-af9e-1864500ce229
ca14d8ba-9848-4d0d-9267-a2a7a0abd655,0154e75f-40cd-48da-a2ab-695bd5039812,6017bb44-d8f7-4eff-b96c-c1b4d44d83b7
e3022ee2-8a85-4521-a5ee-0a78fd031d75,0154e75f-40cd-48da-a2ab-695bd5039812,53cac9bb-9a68-4982-8e5e-1036f0682b08
3e1d2cb2-accc-4022-b414-98a6350cd107,0154e75f-40cd-48da-a2ab-695bd5039812,729c2aa2-2f76-4ac3-a947-2778c6d347a1
b3902a6c-72ec-4831-8298-9c0f18fc3a8f,0154e75f-40cd-48da-a2ab-695bd5039812,2b942fb2-24fe-43ea-8d6b-db8f17a251c8
a79ac4cf-d5c3-48fd-ad86-f50e7c2aa756,0154e75f-40cd-48da-a2ab-695bd5039812,934f8b72-2ec9-4acc-9741-3bd796506ad4
24490956-1e0e-4c84-aaea-0f14a1670bcc,0154e75f-40cd-48da-a2ab-695bd5039812,86891959-954b-4823-8676-b0e1acf7d0a0
e0845a79-7655-4d92-8465-78cb5bcc7096,0154e75f-40cd-48da-a2ab-695bd5039812,e0a4109a-a66c-47fc-9808-97bbf8866886
36a32894-875e-40e2-af12-2ba6bf91cf96,0154e75f-40cd-48da-a2ab-695bd5039812,68ee6f0e-4062-4169-9e83-0e11aed7e475
345dddcc-ebf5-4f52-91c5-83411c9fc5ca,0154e75f-40cd-48da-a2ab-695bd5039812,52f03d23-86fb-4e45-8c0b-025a4c208df1
3150ae22-a011-42ae-89ab-8e72cb7aa4aa,6cbff1e6-d9b6-41b9-a715-4252f4079e5e,8c054557-1076-4c7d-bca5-0c4089051546
1cf77617-7ba2-4487-8c6f-c2c4dd154c76,6cbff1e6-d9b6-41b9-a715-4252f4079e5e,9e850c5e-5393-484b-8e18-6dafc24b5135
6bb9e3f4-727f-4640-bcd1-874cf539725f,6cbff1e6-d9b6-41b9-a715-4252f4079e5e,15dafbc8-30d0-4c05-b67f-f48092d04d61
bcdc64c1-27fc-4603-88c0-f676f7e1d879,6cbff1e6-d9b6-41b9-a715-4252f4079e5e,bddbd893-ef30-4ed1-90b5-5741be0a8943
f43f7486-4460-41de-a6f3-018c00320993,6cbff1e6-d9b6-41b9-a715-4252f4079e5e,0bb73c8c-0806-41b0-bcbc-5e0fa09ebcce
394e3cc2-f3ac-488f-9209-2c6c1739b10b,6cbff1e6-d9b6-41b9-a715-4252f4079e5e,8a4253c6-df8e-4b0b-acc9-6a301e2d00aa
3413f962-5f8d-4601-978a-760f2ab32d27,6cbff1e6-d9b6-41b9-a715-4252f4079e5e,3506479b-0b2c-4fe0-872e-cb232114193f
d51cd109-a3e1-42d8-8dfd-02adc50edb43,6cbff1e6-d9b6-41b9-a715-4252f4079e5e,064af6e3-b77d-43d2-b8cb-cd6fb3a8b874
a4ed8211-85dc-42ea-8651-6d5ed0d6b74f,6cbff1e6-d9b6-41b9-a715-4252f4079e5e,133f1a31-d3a0-4652-90b2-0291d647b72b
c3378b4b-50cd-4d3a-9dc7-4f5db2225773,72bdfef1-08b3-4df3-bd38-9e3321ada9dc,c0c89fbf-e3ef-4fb9-a8e8-4ea0e769d7f0
9b64fb7d-44f8-40b7-a072-9a26cd3f60d8,72bdfef1-08b3-4df3-bd38-9e3321ada9dc,23f67841-410f-40c2-9434-468f642572fc
2662ff16-55b3-4e9f-b8c7-d6ba9610a070,72bdfef1-08b3-4df3-bd38-9e3321ada9dc,866b1696-5aba-47af-b393-9984e270e34d
1f84f310-d5a7-45a2-b604-08fca20ca2c2,72bdfef1-08b3-4df3-bd38-9e3321ada9dc,da08e634-43ea-487d-97e7-d9c5f4e75ba0
3065a055-6354-4eaa-8438-accb7621f004,72bdfef1-08b3-4df3-bd38-9e3321ada9dc,7ec8d4e4-d523-4137-9a3c-def40a2498c9
e12e560a-ad06-4539-a336-733cba0b4f94,72bdfef1-08b3-4df3-bd38-9e3321ada9dc,5dfefd98-c47a-40a2-a36a-179a2944b630
5f0ea6a6-68e3-4d14-910c-193f37bb8606,cde86ac8-f24e-4d9c-bf80-64a017a968d6,61c44907-b56d-4e49-bda7-3d6d4c590d8c
fe58b8f9-97bb-43fa-b91a-0f440adc0a54,cde86ac8-f24e-4d9c-bf80-64a017a968d6,84bc5d74-611d-43f9-91e2-494a499ab10b
506c53c5-1444-4c67-a3f7-05fd6f45cef4,cde86ac8-f24e-4d9c-bf80-64a017a968d6,b0874e22-6e82-4b13-8c64-0bca95f6da88
348d3a57-e929-40e6-b314-b557e4e6129b,cde86ac8-f24e-4d9c-bf80-64a017a968d6,3351277b-74d5-4a86-8d4f-899b2420f18f
71397376-18cb-4318-8a83-21e3624542ea,cde86ac8-f24e-4d9c-bf80-64a017a968d6,2a953bda-9f12-4f47-b86a-2cbba9d4861c
f505e236-7e33-4ec1-9af3-2236ea99d125,84152106-9727-41ad-a4ef-b3ea55e8c05b,fa105428-de87-4216-828b-f22be69ba0a7
5856390a-a74a-4607-afd1-7987e42a5822,84152106-9727-41ad-a4ef-b3ea55e8c05b,a17c179d-4414-493c-9517-564c836de412
94369925-97dc-43b3-bd21-a1641c51a921,84152106-9727-41ad-a4ef-b3ea55e8c05b,afb6517b-5d9a-4f5e-97c9-3ab8f4d9d9e7
262e8851-340d-4853-a484-e9bc88903342,84152106-9727-41ad-a4ef-b3ea55e8c05b,eb8dd183-e8a0-4ca7-a67e-c213c17c38b7
d664b106-f478-4cf9-aef8-24af8d39ea6b,84152106-9727-41ad-a4ef-b3ea55e8c05b,ee5fc5ad-b43e-4d3e-b498-72bfacdfc952
bcdfd490-41a9-46c0-8a2a-ebcda1e449f4,84152106-9727-41ad-a4ef-b3ea55e8c05b,c8eefe72-a64c-4f8e-8836-ec4e2a573dcd
08fca86d-2d3d-4e7f-8fae-f38528e5b7ed,84152106-9727-41ad-a4ef-b3ea55e8c05b,249baceb-c55a-42d6-981b-47697abef236
9402bc43-e69c-47ed-b75d-094f9944df36,84152106-9727-41ad-a4ef-b3ea55e8c05b,59ab5c6d-cb89-4f62-b4ff-176651defe4c
db441c51-e372-4aea-8d5f-19b07f3b98e2,84152106-9727-41ad-a4ef-b3ea55e8c05b,b2d206fe-4177-40c5-8156-dfbdb5ea8747
93007504-588c-44d8-af38-12c99891b4be,84152106-9727-41ad-a4ef-b3ea55e8c05b,ccb306a8-67e1-4583-ba07-a1e3db89ce47
6a1973ef-f73f-4896-bdbb-1ff5ffbabfda,84152106-9727-41ad-a4ef-b3ea55e8c05b,6555b759-e151-4f3d-ab80-645b078b55d9
0d68efae-f164-44f7-9645-c8ed944e70b2,84152106-9727-41ad-a4ef-b3ea55e8c05b,148c4e6d-537a-456e-a9f1-ad75029a7b90
da564c2b-bf57-4ca3-b357-605d7c9d4e3c,84152106-9727-41ad-a4ef-b3ea55e8c05b,a5d5c83f-54b2-4347-8ace-d6e2ef184063
55413cec-623c-40a5-8889-86612cbe22b1,84152106-9727-41ad-a4ef-b3ea55e8c05b,5959d138-a13a-4873-a979-57f4cd3c3741
c613656c-7e3c-456a-95b0-1121265ae588,84152106-9727-41ad-a4ef-b3ea55e8c05b,244d2c38-fcc9-48ae-955f-6475f1be8249
c380f489-db7a-403a-8446-897b15f0f09d,35678e70-4930-46d0-895e-e937036f0a87,552af12b-839f-4b89-9963-cd77f3ba85f5
85f00f50-e44e-4007-9094-c358f4014b60,35678e70-4930-46d0-895e-e937036f0a87,437d340c-1f76-4ecf-aa32-f6f1b683f22a
d0fdeb8e-d4a6-4d24-8361-50c1605db9c1,35678e70-4930-46d0-895e-e937036f0a87,34c0d8cc-09de-4bd2-bd93-5a2c8eb1cdaf
411e3052-3554-4a8c-bc2e-2246784f6f64,35678e70-4930-46d0-895e-e937036f0a87,0557664d-2ddc-4aa3-9608-30b17d1f3c31
b8c8fb9b-0fc6-42c7-bdfa-e10f039f50ba,35678e70-4930-46d0-895e-e937036f0a87,0ab881c0-d4b1-4c62-9239-2db627894294
5c76b97f-1bcd-4218-81eb-0e5205f53653,35678e70-4930-46d0-895e-e937036f0a87,e9ff2454-4c85-4fb3-8be8-43388e9fb306
73dd145c-87fc-4a96-975c-43bf3ec9927b,35678e70-4930-46d0-895e-e937036f0a87,77b2ad39-8fba-45ee-9d83-854ab9d825c6
03416ea9-b895-4a38-a93d-821a664408f3,35678e70-4930-46d0-895e-e937036f0a87,4d11f6c9-8df5-471e-bf42-1021af866ba8
296eb5d1-677b-4025-9bc0-a23b71411a94,35678e70-4930-46d0-895e-e937036f0a87,0dc5bdef-fa04-4b85-acb6-d1db6851c395
0c3ca528-82ee-4577-8476-cd4d4631aff5,35678e70-4930-46d0-895e-e937036f0a87,656d4c0a-0074-4352-9d08-542d795026ea
6fc63831-5fde-47d5-a3e1-e14706da5336,fdacb32f-63f1-4f84-8163-e8e36b8a6288,137e4d57-f937-4e1f-bc81-5573fe810275
da0e62da-6cb6-4706-929e-29f776f971f3,fdacb32f-63f1-4f84-8163-e8e36b8a6288,c7eaf7fc-ea70-4713-a503-dede1616de4e
663de8f6-c9eb-410f-9328-159487f74d48,fdacb32f-63f1-4f84-8163-e8e36b8a6288,d1766407-3b7a-4fdb-a094-46c2c1e5f5fd
903caf6e-bda2-40d6-9425-14a63e684cbe,fdacb32f-63f1-4f84-8163-e8e36b8a6288,b35460a0-7292-4eb7-95cd-84db0f20d3dd
d664ece7-ca3e-4755-90cd-5e2500a44416,fdacb32f-63f1-4f84-8163-e8e36b8a6288,1bf82e27-3907-4a25-b247-73fafd07b338
3aa52162-0d4b-411a-a0e0-fe3e3b37015c,fdacb32f-63f1-4f84-8163-e8e36b8a6288,1eb70914-3365-4323-9977-7ec1dd898de9
8cf03c88-a5d2-4819-967c-e8ff0e530db1,d596319c-8a14-478a-b92a-71be6463ef6e,e48ead05-55b3-4b4c-97f3-c7432de992fc
3ba6e5b6-6fa1-46be-9fc2-35211ac1a0ce,d596319c-8a14-478a-b92a-71be6463ef6e,15948521-08f7-409d-b9b9-c4b2609e0e29
2d046186-6e60-4a5e-a001-6da81932cfd2,d596319c-8a14-478a-b92a-71be6463ef6e,58ad5681-4036-4ca8-8850-e0b972393bae
b5cda625-af24-43af-a0ce-8169105ab102,d596319c-8a14-478a-b92a-71be6463ef6e,61265edf-f981-4123-803b-fa7b611d7ab3
15185aeb-9754-48ca-8a91-2a53c74bc5dc,d596319c-8a14-478a-b92a-71be6463ef6e,b45e7c97-dedf-4caa-ae41-4809112e179a
3f1ee28b-39f5-456d-8346-643be65e989f,d596319c-8a14-478a-b92a-71be6463ef6e,de0412c4-8241-4d43-b9b9-8c74a3ec4471
c48baa0f-03bb-4d3f-8929-6781a232bc10,d596319c-8a14-478a-b92a-71be6463ef6e,99301ff3-b30e-4598-a84a-a5b647c15cf0
e2ebb8e2-72c9-40a8-b3f8-339e18534eb1,d596319c-8a14-478a-b92a-71be6463ef6e,7611272b-6f8c-4802-8a9f-c8dcc0f1b5ee
e0282161-fde6-4fc2-80ad-2a04c6f8c404,d596319c-8a14-478a-b92a-71be6463ef6e,8f71846a-1062-47b4-bc12-24fbc9bd4365
3ef5c087-51eb-4f8e-86db-e4470aaf312d,d596319c-8a14-478a-b92a-71be6463ef6e,145e8d9e-290e-4970-a482-cd6219df6571
36646423-072c-4c41-9670-43aff5c39856,d596319c-8a14-478a-b92a-71be6463ef6e,28f3d507-80c4-41f4-8fec-55f4dbb2eb7c
d3b8d487-a24c-4550-8c47-106d02e55e9e,d596319c-8a14-478a-b92a-71be6463ef6e,c78e35d7-c9b2-4530-b831-b8aebd2962f0
8bb8f42a-caa3-4c53-a4f1-e1eb22db9278,d596319c-8a14-478a-b92a-71be6463ef6e,4e4b46f7-852e-4bdf-a5b9-0488c317ca65
0a43f4f4-00d2-46a2-9f92-4cb7428ac5f0,d596319c-8a14-478a-b92a-71be6463ef6e,ba58034f-f9e9-4489-9b46-31f923d576db
2351917b-d310-4649-8968-575a56fd04d6,d596319c-8a14-478a-b92a-71be6463ef6e,e7e3caed-ed21-4642-9315-de3129a27959
c19922ca-de44-4703-99aa-607cdb0fd698,d596319c-8a14-478a-b92a-71be6463ef6e,97d66fa0-f600-4815-90b8-9b43ee6fa751
43820075-120f-452c-9c14-190b02f61ce7,d596319c-8a14-478a-b92a-71be6463ef6e,5e34f0c3-0f3e-49b0-970c-5fbbd241024a
85b363e4-0eab-4719-b42f-13895c25a498,8a011657-4d48-47b2-92d4-d24c4053cdc0,81f2e31a-8ed7-4a71-86c2-70bcd233a9aa
22dbaa87-6065-43f2-8589-26e2ffccc4d7,8a011657-4d48-47b2-92d4-d24c4053cdc0,ee709452-957c-4265-bd72-e9880e835491
e4f9fd42-620b-452f-981a-b40b934b52b9,8a011657-4d48-47b2-92d4-d24c4053cdc0,cdd95721-a300-49c4-b4e8-c5ea0fade074
59aab2c0-f6ad-431a-a32a-8c8fa47c4c15,8a011657-4d48-47b2-92d4-d24c4053cdc0,4b601d8d-5e29-4ecb-bc38-21aee4d8cc1a
2f6560b4-7842-4fd6-a088-141fd1ac5acf,8a011657-4d48-47b2-92d4-d24c4053cdc0,6427737d-dd73-4f38-b49f-e3029c8b5a70
e0781da0-7dc6-4639-b1f5-12f525f36967,8a011657-4d48-47b2-92d4-d24c4053cdc0,988b0237-7493-4ca2-9fa8-ae439c2d9881
179a2b73-da6b-4081-9160-8950f6275a12,8a011657-4d48-47b2-92d4-d24c4053cdc0,94947cfe-0ff9-49ff-bbf0-161459dea765
ddf78a15-b2f6-4d11-a87e-a64e20f40ccb,8a011657-4d48-47b2-92d4-d24c4053cdc0,1557a088-0ede-4b42-a28f-e06661deb497
60141889-304d-4990-92f4-c0241ac9928a,8a011657-4d48-47b2-92d4-d24c4053cdc0,3e3075a3-5664-471a-aaba-bd54044f524d
c881ace1-507a-486c-b810-863a47d73769,8a011657-4d48-47b2-92d4-d24c4053cdc0,95c6afdd-c2c6-4304-af84-0c1e780d8c00
e7f4465c-347b-46de-8da7-ab701547dd01,8a011657-4d48-47b2-92d4-d24c4053cdc0,fd04c90b-afe6-4019-9669-711ba6a5859c
7160b6c7-a167-42e4-a8d3-c97227322b9e,8a011657-4d48-47b2-92d4-d24c4053cdc0,aae1e937-2728-465b-a47b-bcd3ac2f33da
afdb3b33-fad1-4d1f-88c9-94681acfd264,8a011657-4d48-47b2-92d4-d24c4053cdc0,7f73c0a6-67e7-4de7-b78d-6a94cbdd25d3
1496a51e-7790-4145-912e-e00cdec201e7,8a011657-4d48-47b2-92d4-d24c4053cdc0,fce90f01-93c3-4c99-8a0e-8b2c4ed22664
62cedb5f-6e8c-46c5-aa6e-80220a571670,e0b38136-a401-4d85-89ea-be8d79a04dd1,0ee781ca-c7b6-4b5c-bccd-9c3ef5aeb1e9
23cce1e2-0d29-4c84-abdd-fdd7a8f14865,e0b38136-a401-4d85-89ea-be8d79a04dd1,c003f4cf-6160-4962-9820-81d03e6072a5
22d43bb7-6688-4e69-a911-b9abbe44e72f,e0b38136-a401-4d85-89ea-be8d79a04dd1,375272ac-e404-478a-aba6-84235c18eb4e
67f176a6-c0a0-41d6-9e18-a7223078c9a5,e0b38136-a401-4d85-89ea-be8d79a04dd1,a987f66f-ad33-480d-bc58-c81e8ae76957
e13d766e-1f80-4027-9f33-a4f8057742ff,e0b38136-a401-4d85-89ea-be8d79a04dd1,87ea49e9-5961-49d2-85cd-a060691873e2
e296fbd2-9059-45f9-8c38-403816525876,e0b38136-a401-4d85-89ea-be8d79a04dd1,4b5aa245-b1e3-4bd6-b59b-2d04972d93f6
140c0e58-101c-4d8a-80cc-0482fddf2ab6,e0b38136-a401-4d85-89ea-be8d79a04dd1,5dbff4e4-b56d-4436-8b10-70d198a23deb
3a4f47d7-31a1-4c58-a993-e7cf460d8a00,e0b38136-a401-4d85-89ea-be8d79a04dd1,f43e244f-6be8-455c-91fb-a22492fa71f3
14f6c5a9-7c67-4e23-89a8-9343bde7eb0e,e0b38136-a401-4d85-89ea-be8d79a04dd1,15d9503a-75aa-45a4-a555-3c800ef92709
d093e57a-0c51-4700-9f9a-19d00151bff3,e0b38136-a401-4d85-89ea-be8d79a04dd1,c7bbd357-c65b-443c-8f62-c631f5691dbd
e614badb-c185-47cc-9058-dd02eb4fbb49,e0b38136-a401-4d85-89ea-be8d79a04dd1,d5498f40-8d34-4bd7-83f8-0b79ae16b98a
cc30458e-ce7a-4b8b-a5d6-61f39633189d,e0b38136-a401-4d85-89ea-be8d79a04dd1,dfe5e0b7-8f1e-4733-b40e-19eae7b6daaf
30c6f127-f13d-425e-9ea7-eb7b48555c0e,e0b38136-a401-4d85-89ea-be8d79a04dd1,3e0391c0-fcbc-439b-9bdc-399c1c7c33ea
f7889236-25c4-4ff4-87dc-d74b226115fc,4893060c-0623-42b5-8a63-655f8885a638,112995a7-bd7f-48d7-9412-f89486376bf1
7acc35cf-d1ff-4dc6-ab80-ba2e776eeb0b,4893060c-0623-42b5-8a63-655f8885a638,d10e5c99-d130-4cb0-8492-50c215c13a40
c295104f-dcf6-4dc9-bbca-b532d0b4c184,4893060c-0623-42b5-8a63-655f8885a638,bb7ec2a5-ff3f-4114-bfbb-fdc910a62fea
b929c35d-fc87-4e9f-8cc9-422aa1c77faf,4893060c-0623-42b5-8a63-655f8885a638,eb413628-2f4e-49ca-a3cd-92735a86a27e
c4a92ecd-6b67-494c-adf0-7511ef4a9f3a,4893060c-0623-42b5-8a63-655f8885a638,8e86c395-8937-40cb-af2a-f12e7704eb75
510683cb-98a5-4777-9d4e-52440d57be04,4893060c-0623-42b5-8a63-655f8885a638,304ab12f-9cf0-4b54-b820-5bec2996e65c
554e4564-f2ef-4fd9-9a0b-8e551f58e746,4893060c-0623-42b5-8a63-655f8885a638,444bf82b-67b6-47d5-b435-8f01231cd790
2f365d90-4ed0-4173-bec0-1f33165f15b3,4893060c-0623-42b5-8a63-655f8885a638,c0667f2b-2897-4e07-82ab-54780005bd2e
6d1fe290-7cd5-47ed-99df-c60ab5b240f0,4893060c-0623-42b5-8a63-655f8885a638,49ce4532-7092-433a-871a-4b307dedd4df
53b05f60-2cef-4fe0-9485-e9b6ba61bafd,4893060c-0623-42b5-8a63-655f8885a638,63dc8d6e-1112-4d23-8c51-7b767b4674e0
2e3e89be-0efa-4028-b237-85a61f092529,4893060c-0623-42b5-8a63-655f8885a638,58c0905b-8698-4050-8de0-31cbdce1467a
d5dc1750-0a82-4fc9-b6e1-4e637c942bba,4893060c-0623-42b5-8a63-655f8885a638,a878417c-7f32-400a-9f55-01c75f99f9cc
f062c336-ec65-46b1-a76a-22edd71cffb3,87332908-bea6-4b21-8367-a8a736d00ac6,f86068ed-0110-4f40-8110-eca42fac5736
ae72a149-82da-465c-ae0d-940d5c217300,87332908-bea6-4b21-8367-a8a736d00ac6,9d529576-6947-4bb5-b09d-37722deb028b
f9c44379-2fb9-472f-b8a1-204813bf6caf,87332908-bea6-4b21-8367-a8a736d00ac6,3c74bc12-78a0-474a-934c-66c9c647511b
865a16b3-97e6-4c1a-89e6-a3cb732a956a,87332908-bea6-4b21-8367-a8a736d00ac6,744280d5-2b46-416b-ad50-3c9b661726df
c680c1c0-2861-43a3-b0a5-08dc8f0470e7,87332908-bea6-4b21-8367-a8a736d00ac6,ed6ae590-3f05-4ef7-8d06-497a647998b1
83a0fb14-39dd-48ba-9ace-a7a9f9337061,87332908-bea6-4b21-8367-a8a736d00ac6,7bf04b46-953b-47cc-a966-9de0668c1fb5
61d17320-ed0b-4134-a8ee-86dd0c257efb,87332908-bea6-4b21-8367-a8a736d00ac6,47b8d15c-4c4a-43c0-816f-22850af81124
9e93ea71-a11b-4298-9dc0-495da027a4a9,87332908-bea6-4b21-8367-a8a736d00ac6,15e3e2fd-7e99-4919-98b9-d76c3e044c87
b401c786-f8c8-4b5c-9fd4-db85be6278d3,87332908-bea6-4b21-8367-a8a736d00ac6,5fe51622-2c38-415e-b0d0-5d74e03d8b52
5cab914f-feb9-425d-a263-e06526421722,87332908-bea6-4b21-8367-a8a736d00ac6,8c3d9447-3d72-4411-b7b4-3043af9bd2ed
ce707af0-3a14-4718-8bea-58d4d23c5731,87332908-bea6-4b21-8367-a8a736d00ac6,00d69a4f-dee5-464e-a05c-8562a0a2c65b
95ad2d0b-9a56-4d79-b9ab-dbd5c8a466f1,87332908-bea6-4b21-8367-a8a736d00ac6,3f5e4dd6-2f35-4d38-9b17-70312e03db09
323aac75-c866-4712-b32e-2729fe228863,87332908-bea6-4b21-8367-a8a736d00ac6,e92441bc-ceeb-467a-beac-f7db7d478642
c46e7553-faa2-4f1e-bb1b-bfca12980732,87332908-bea6-4b21-8367-a8a736d00ac6,b08e2920-5bd1-4fd4-879d-7535e2b47756
6184b0ef-1c94-442a-bff9-e2f36b4985ef,87332908-bea6-4b21-8367-a8a736d00ac6,b378d313-8ff8-4839-bd22-28bd108cffa7
be2eb862-de4d-4be9-88b9-6bc321809063,87332908-bea6-4b21-8367-a8a736d00ac6,e4116d02-2c98-4712-bd62-d789d65f2c07
e55bf2ff-01ab-4575-ad6d-e6003aa47d26,87332908-bea6-4b21-8367-a8a736d00ac6,d02d6595-2f6b-4e67-87f8-73ea59096cb8
41e04fee-dea8-4d87-a0ff-eb36669778b1,87332908-bea6-4b21-8367-a8a736d00ac6,1febf1cc-c28c-4087-b823-5b8045503f41
7b999fad-26dd-40aa-b801-26682c875c34,87332908-bea6-4b21-8367-a8a736d00ac6,8bc1557a-6931-4d37-9a0d-70bdeacff89f
